experiment_tag,run_name,dataset,method,n,edges,density,seed,resolution,weight_key,num_communities,modularity_custom,modularity_louvain_api,graph_build_time_seconds,louvain_time_seconds,time_seconds
louvain_Baseline,louvain_Baseline_lesmis,lesmis,louvain,77,254,0.08680792891319207,0,1.0,weight,6,0.5658216835217148,0.5658216835217132,0.0019755999965127558,0.025881900000968017,0.07626960000197869
louvain_Baseline,louvain_Baseline_football,football,louvain,115,612,0.09336384439359267,0,1.0,weight,10,0.5961082473540856,0.5961082473540925,0.0018845000013243407,0.009956299996702,0.02061669999966398
louvain_Baseline,louvain_Baseline_celegans_edges,celegans_edges,louvain,297,1918,0.04363454363454364,0,1.0,weight,26,0.41900271381903537,0.41900271381903736,0.013236500002676621,0.0702945999946678,0.1168926999962423
