experiment_tag,run_name,dataset,method,n,edges,density,seed,resolution,weight_key,num_communities,modularity_custom,modularity_louvain_api,graph_build_time_seconds,louvain_time_seconds,time_seconds
louvain_Baseline,louvain_Baseline_synthetic_50_clear_four_blocks,synthetic_50_clear_four_blocks,louvain,50,169,0.13795918367346938,0,1.0,weight,4,0.7019216158959747,0.701921615895975,0.0015894999960437417,0.005063099990366027,0.0537975000042934
louvain_Baseline,louvain_Baseline_synthetic_50_core_periphery_bridge,synthetic_50_core_periphery_bridge,louvain,50,209,0.17061224489795918,0,1.0,weight,4,0.42010590976012563,0.4201059097601264,0.00045700000191573054,0.0047328999935416505,0.011212299999897368
louvain_Baseline,louvain_Baseline_synthetic_100_fuzzy_mixed,synthetic_100_fuzzy_mixed,louvain,100,540,0.10909090909090909,0,1.0,weight,5,0.4947962521562994,0.4947962521562985,0.0015860999992582947,0.012231200002133846,0.02225969999562949
louvain_Baseline,louvain_Baseline_synthetic_100_hierarchical,synthetic_100_hierarchical,louvain,100,376,0.07595959595959596,0,1.0,weight,8,0.7641841184440451,0.7641841184440454,0.0012933000107295811,0.009049299987964332,0.018432100012432784
louvain_Baseline,louvain_Baseline_synthetic_150_hub_modular,synthetic_150_hub_modular,louvain,150,622,0.055659955257270695,0,1.0,weight,5,0.7629163455252623,0.7629163455252603,0.002554000006057322,0.009040500008268282,0.02336549999017734
louvain_Baseline,louvain_Baseline_synthetic_150_ring_bottleneck,synthetic_150_ring_bottleneck,louvain,150,575,0.05145413870246085,0,1.0,weight,6,0.8171050281359142,0.8171050281359094,0.0026510000025155023,0.015280399995390326,0.02913369999441784
