test_dataset,train_rows,test_rows,pred_mae,pred_rmse,pred_r2,pred_spearman
lesmis,25920,720,0.5155974623587466,0.6329901847487405,0.40086970099276675,0.6668316251991172
