feature,importance
lam_sparse,0.2627724979028669
h,0.1435388146090305
beta,0.0812999921318211
batch_size,0.07863406598520259
alpha,0.07564591734394947
lr,0.07261711811058043
T,0.07096845280298385
PC1,0.03633038330185831
PC2,0.033119878588486876
PC4,0.029893433687168233
PC3,0.028648611879799817
PC7,0.023788003421213972
PC6,0.021746339980319575
PC8,0.02053219646716479
PC5,0.020464293787553593
rho,0.0
