feature,importance
lam_sparse,0.26772352831139556
h,0.14213690052252026
batch_size,0.08085208297562671
beta,0.07953333515505881
alpha,0.07667843056715941
T,0.07034604752534286
lr,0.07018350203358806
PC1,0.03595371993056212
PC2,0.03261163969850238
PC4,0.029981711234409996
PC3,0.02745162656291798
PC7,0.02345051824945927
PC6,0.022020320203017852
PC8,0.021136028667685523
PC5,0.01994060836275322
rho,0.0
